x,y,best_fit,Sextet_1
-2.000000e+00,9.994810e-01,9.998974e-01,1.026396e-04
-1.984375e+00,9.999540e-01,9.998950e-01,1.049757e-04
-1.968750e+00,9.995580e-01,9.998926e-01,1.073987e-04
-1.953125e+00,1.000076e+00,9.998901e-01,1.099131e-04
-1.937500e+00,9.996470e-01,9.998875e-01,1.125237e-04
-1.921875e+00,1.000425e+00,9.998848e-01,1.152358e-04
-1.906250e+00,9.994300e-01,9.998819e-01,1.180551e-04
-1.890625e+00,9.999460e-01,9.998790e-01,1.209874e-04
-1.875000e+00,9.996300e-01,9.998760e-01,1.240393e-04
-1.859375e+00,1.000090e+00,9.998728e-01,1.272176e-04
-1.843750e+00,1.000252e+00,9.998695e-01,1.305299e-04
-1.828125e+00,1.000007e+00,9.998660e-01,1.339840e-04
-1.812500e+00,1.000305e+00,9.998624e-01,1.375888e-04
-1.796875e+00,9.998750e-01,9.998586e-01,1.413534e-04
-1.781250e+00,9.999640e-01,9.998547e-01,1.452880e-04
-1.765625e+00,9.998270e-01,9.998506e-01,1.494036e-04
-1.750000e+00,9.998250e-01,9.998463e-01,1.537119e-04
-1.734375e+00,1.000003e+00,9.998418e-01,1.582258e-04
-1.718750e+00,9.999390e-01,9.998370e-01,1.629593e-04
-1.703125e+00,9.995510e-01,9.998321e-01,1.679277e-04
-1.687500e+00,9.997560e-01,9.998269e-01,1.731475e-04
-1.671875e+00,9.999940e-01,9.998214e-01,1.786369e-04
-1.656250e+00,1.000266e+00,9.998156e-01,1.844157e-04
-1.640625e+00,1.000738e+00,9.998095e-01,1.905058e-04
-1.625000e+00,9.997450e-01,9.998031e-01,1.969311e-04
-1.609375e+00,9.996910e-01,9.997963e-01,2.037179e-04
-1.593750e+00,1.000341e+00,9.997891e-01,2.108952e-04
-1.578125e+00,9.997430e-01,9.997815e-01,2.184953e-04
-1.562500e+00,9.997910e-01,9.997734e-01,2.265537e-04
-1.546875e+00,9.998490e-01,9.997649e-01,2.351100e-04
-1.531250e+00,9.997920e-01,9.997558e-01,2.442081e-04
-1.515625e+00,9.999540e-01,9.997461e-01,2.538972e-04
-1.500000e+00,9.999870e-01,9.997358e-01,2.642322e-04
-1.484375e+00,1.000121e+00,9.997247e-01,2.752748e-04
-1.468750e+00,9.998580e-01,9.997129e-01,2.870944e-04
-1.453125e+00,9.997120e-01,9.997002e-01,2.997693e-04
-1.437500e+00,9.998240e-01,9.996866e-01,3.133884e-04
-1.421875e+00,9.996940e-01,9.996719e-01,3.280524e-04
-1.406250e+00,9.994490e-01,9.996561e-01,3.438764e-04
-1.390625e+00,9.996230e-01,9.996390e-01,3.609920e-04
-1.375000e+00,9.998690e-01,9.996204e-01,3.795506e-04
-1.359375e+00,9.997720e-01,9.996003e-01,3.997268e-04
-1.343750e+00,1.000097e+00,9.995783e-01,4.217233e-04
-1.328125e+00,1.000180e+00,9.995542e-01,4.457759e-04
-1.312500e+00,9.999570e-01,9.995278e-01,4.721609e-04
-1.296875e+00,9.999390e-01,9.994988e-01,5.012037e-04
-1.281250e+00,9.994810e-01,9.994667e-01,5.332892e-04
-1.265625e+00,9.996900e-01,9.994311e-01,5.688762e-04
-1.250000e+00,9.996230e-01,9.993915e-01,6.085148e-04
-1.234375e+00,9.995100e-01,9.993471e-01,6.528692e-04
-1.218750e+00,9.997480e-01,9.992973e-01,7.027481e-04
-1.203125e+00,9.996170e-01,9.992409e-01,7.591432e-04
-1.187500e+00,9.998270e-01,9.991767e-01,8.232824e-04
-1.171875e+00,9.992430e-01,9.991033e-01,8.967005e-04
-1.156250e+00,9.996590e-01,9.990187e-01,9.813361e-04
-1.140625e+00,9.994610e-01,9.989203e-01,1.079666e-03
-1.125000e+00,9.994240e-01,9.988051e-01,1.194897e-03
-1.109375e+00,9.995990e-01,9.986688e-01,1.331232e-03
-1.093750e+00,9.995830e-01,9.985057e-01,1.494275e-03
-1.078125e+00,9.991620e-01,9.983084e-01,1.691619e-03
-1.062500e+00,9.990640e-01,9.980663e-01,1.933749e-03
-1.046875e+00,9.988960e-01,9.977645e-01,2.235456e-03
-1.031250e+00,9.985710e-01,9.973819e-01,2.618105e-03
-1.015625e+00,9.987280e-01,9.968866e-01,3.113396e-03
-1.000000e+00,9.983930e-01,9.962302e-01,3.769789e-03
-9.843750e-01,9.974400e-01,9.953361e-01,4.663899e-03
-9.687500e-01,9.963080e-01,9.940786e-01,5.921358e-03
-9.531250e-01,9.949820e-01,9.922438e-01,7.756161e-03
-9.375000e-01,9.929810e-01,9.894548e-01,1.054517e-02
-9.218750e-01,9.885040e-01,9.850412e-01,1.495879e-02
-9.062500e-01,9.767570e-01,9.779002e-01,2.209980e-02
-8.906250e-01,9.615390e-01,9.669533e-01,3.304672e-02
-8.750000e-01,9.572080e-01,9.546865e-01,4.531352e-02
-8.593750e-01,9.570580e-01,9.518802e-01,4.811976e-02
-8.437500e-01,9.589930e-01,9.621047e-01,3.789529e-02
-8.281250e-01,9.728480e-01,9.741668e-01,2.583323e-02
-8.125000e-01,9.845980e-01,9.825588e-01,1.744120e-02
-7.968750e-01,9.906760e-01,9.877386e-01,1.226139e-02
-7.812500e-01,9.938590e-01,9.909337e-01,9.066307e-03
-7.656250e-01,9.960660e-01,9.929610e-01,7.039016e-03
-7.500000e-01,9.966610e-01,9.942833e-01,5.716734e-03
-7.343750e-01,9.970610e-01,9.951587e-01,4.841336e-03
-7.187500e-01,9.975350e-01,9.957333e-01,4.266669e-03
-7.031250e-01,9.980090e-01,9.960906e-01,3.909447e-03
-6.875000e-01,9.982830e-01,9.962759e-01,3.724130e-03
-6.718750e-01,9.982600e-01,9.963094e-01,3.690612e-03
-6.562500e-01,9.983530e-01,9.961906e-01,3.809427e-03
-6.406250e-01,9.972630e-01,9.958974e-01,4.102591e-03
-6.250000e-01,9.975460e-01,9.953794e-01,4.620567e-03
-6.093750e-01,9.964460e-01,9.945414e-01,5.458585e-03
-5.937500e-01,9.950060e-01,9.932103e-01,6.789693e-03
-5.781250e-01,9.924300e-01,9.910723e-01,8.927749e-03
-5.625000e-01,9.871210e-01,9.875721e-01,1.242790e-02
-5.468750e-01,9.749290e-01,9.818867e-01,1.811326e-02
-5.312500e-01,9.667180e-01,9.737864e-01,2.621361e-02
-5.156250e-01,9.707120e-01,9.672021e-01,3.279792e-02
-5.000000e-01,9.683300e-01,9.694792e-01,3.052078e-02
-4.843750e-01,9.696660e-01,9.777209e-01,2.227907e-02
-4.687500e-01,9.816350e-01,9.848951e-01,1.510487e-02
-4.531250e-01,9.902080e-01,9.895353e-01,1.046475e-02
-4.375000e-01,9.940140e-01,9.923842e-01,7.615813e-03
-4.218750e-01,9.960170e-01,9.941635e-01,5.836482e-03
-4.062500e-01,9.975480e-01,9.953074e-01,4.692614e-03
-3.906250e-01,9.973860e-01,9.960577e-01,3.942333e-03
-3.750000e-01,9.979930e-01,9.965489e-01,3.451057e-03
-3.593750e-01,9.985120e-01,9.968561e-01,3.143863e-03
-3.437500e-01,9.982060e-01,9.970188e-01,2.981217e-03
-3.281250e-01,9.988740e-01,9.970524e-01,2.947567e-03
-3.125000e-01,9.984800e-01,9.969523e-01,3.047748e-03
-2.968750e-01,9.983600e-01,9.966902e-01,3.309791e-03
-2.812500e-01,9.984510e-01,9.962043e-01,3.795651e-03
-2.656250e-01,9.978930e-01,9.953753e-01,4.624694e-03
-2.500000e-01,9.978800e-01,9.939835e-01,6.016497e-03
-2.343750e-01,9.964330e-01,9.916638e-01,8.336218e-03
-2.187500e-01,9.950290e-01,9.880620e-01,1.193797e-02
-2.031250e-01,9.892960e-01,9.840286e-01,1.597138e-02
-1.875000e-01,9.816830e-01,9.831728e-01,1.682721e-02
-1.718750e-01,9.823420e-01,9.866331e-01,1.336694e-02
-1.562500e-01,9.841220e-01,9.906694e-01,9.330601e-03
-1.406250e-01,9.805280e-01,9.934721e-01,6.527918e-03
-1.250000e-01,9.832530e-01,9.952009e-01,4.799052e-03
-1.093750e-01,9.912740e-01,9.962644e-01,3.735612e-03
-9.375000e-02,9.949800e-01,9.969331e-01,3.066927e-03
-7.812500e-02,9.962610e-01,9.973597e-01,2.640303e-03
-6.250000e-02,9.979640e-01,9.976286e-01,2.371442e-03
-4.687500e-02,9.980570e-01,9.977861e-01,2.213903e-03
-3.125000e-02,9.976990e-01,9.978568e-01,2.143179e-03
-1.562500e-02,9.976670e-01,9.978510e-01,2.148958e-03
0.000000e+00,9.972100e-01,9.977679e-01,2.232067e-03
1.562500e-02,9.973520e-01,9.975953e-01,2.404710e-03
3.125000e-02,9.965320e-01,9.973059e-01,2.694113e-03
4.687500e-02,9.949760e-01,9.968488e-01,3.151229e-03
6.250000e-02,9.896860e-01,9.961316e-01,3.868420e-03
7.812500e-02,9.820270e-01,9.949871e-01,5.012908e-03
9.375000e-02,9.819500e-01,9.931219e-01,6.878071e-03
1.093750e-01,9.847730e-01,9.901192e-01,9.880807e-03
1.250000e-01,9.803100e-01,9.859701e-01,1.402988e-02
1.406250e-01,9.829540e-01,9.829633e-01,1.703667e-02
1.562500e-01,9.910740e-01,9.845545e-01,1.544545e-02
1.718750e-01,9.948840e-01,9.886954e-01,1.130455e-02
1.875000e-01,9.971830e-01,9.920991e-01,7.900936e-03
2.031250e-01,9.982630e-01,9.942472e-01,5.752825e-03
2.187500e-01,9.982180e-01,9.955325e-01,4.467522e-03
2.343750e-01,9.986390e-01,9.962976e-01,3.702434e-03
2.500000e-01,9.983680e-01,9.967430e-01,3.256960e-03
2.656250e-01,9.986010e-01,9.969772e-01,3.022814e-03
2.812500e-01,9.983160e-01,9.970556e-01,2.944392e-03
2.968750e-01,9.989000e-01,9.970023e-01,2.997695e-03
3.125000e-01,9.986840e-01,9.968190e-01,3.181043e-03
3.281250e-01,9.979390e-01,9.964867e-01,3.513281e-03
3.437500e-01,9.974260e-01,9.959616e-01,4.038404e-03
3.593750e-01,9.968410e-01,9.951615e-01,4.838502e-03
3.750000e-01,9.956780e-01,9.939392e-01,6.060787e-03
3.906250e-01,9.933160e-01,9.920299e-01,7.970123e-03
4.062500e-01,9.892180e-01,9.889600e-01,1.104004e-02
4.218750e-01,9.786650e-01,9.839655e-01,1.603448e-02
4.375000e-01,9.681260e-01,9.764146e-01,2.358541e-02
4.531250e-01,9.701670e-01,9.685185e-01,3.148151e-02
4.687500e-01,9.707300e-01,9.677704e-01,3.222962e-02
4.843750e-01,9.672150e-01,9.751140e-01,2.488597e-02
5.000000e-01,9.772860e-01,9.829353e-01,1.706474e-02
5.156250e-01,9.879750e-01,9.882305e-01,1.176947e-02
5.312500e-01,9.939310e-01,9.914725e-01,8.527533e-03
5.468750e-01,9.957170e-01,9.934576e-01,6.542421e-03
5.625000e-01,9.966450e-01,9.946969e-01,5.303096e-03
5.781250e-01,9.976050e-01,9.954769e-01,4.523099e-03
5.937500e-01,9.978260e-01,9.959555e-01,4.044518e-03
6.093750e-01,9.977010e-01,9.962194e-01,3.780624e-03
6.250000e-01,9.979250e-01,9.963139e-01,3.686098e-03
6.406250e-01,9.985000e-01,9.962575e-01,3.742508e-03
6.562500e-01,9.975380e-01,9.960476e-01,3.952415e-03
6.718750e-01,9.977450e-01,9.956606e-01,4.339375e-03
6.875000e-01,9.975560e-01,9.950463e-01,4.953695e-03
7.031250e-01,9.962610e-01,9.941137e-01,5.886264e-03
7.187500e-01,9.958100e-01,9.927035e-01,7.296450e-03
7.343750e-01,9.940810e-01,9.905336e-01,9.466414e-03
7.500000e-01,9.906800e-01,9.870975e-01,1.290254e-02
7.656250e-01,9.832960e-01,9.815101e-01,1.848987e-02
7.812500e-01,9.702740e-01,9.725201e-01,2.747992e-02
7.968750e-01,9.575700e-01,9.601305e-01,3.986946e-02
8.125000e-01,9.588570e-01,9.512879e-01,4.871207e-02
8.281250e-01,9.580380e-01,9.562956e-01,4.370440e-02
8.437500e-01,9.627570e-01,9.688745e-01,3.112554e-02
8.593750e-01,9.781830e-01,9.792307e-01,2.076930e-02
8.750000e-01,9.881530e-01,9.858650e-01,1.413496e-02
8.906250e-01,9.929100e-01,9.899684e-01,1.003157e-02
9.062500e-01,9.954360e-01,9.925762e-01,7.423752e-03
9.218750e-01,9.966160e-01,9.943030e-01,5.697048e-03
9.375000e-01,9.974300e-01,9.954934e-01,4.506581e-03
9.531250e-01,9.981770e-01,9.963443e-01,3.655667e-03
9.687500e-01,9.987500e-01,9.969718e-01,3.028165e-03
9.843750e-01,9.989580e-01,9.974472e-01,2.552842e-03
1.000000e+00,9.991650e-01,9.978156e-01,2.184394e-03
1.015625e+00,9.992520e-01,9.981070e-01,1.893047e-03
1.031250e+00,9.992100e-01,9.983414e-01,1.658642e-03
1.046875e+00,9.994600e-01,9.985328e-01,1.467173e-03
1.062500e+00,9.996450e-01,9.986913e-01,1.308675e-03
1.078125e+00,9.996880e-01,9.988241e-01,1.175911e-03
1.093750e+00,9.991660e-01,9.989365e-01,1.063527e-03
1.109375e+00,9.994330e-01,9.990325e-01,9.674913e-04
1.125000e+00,9.994940e-01,9.991153e-01,8.847275e-04
1.140625e+00,9.999620e-01,9.991871e-01,8.128519e-04
1.156250e+00,9.993490e-01,9.992500e-01,7.499955e-04
1.171875e+00,1.000607e+00,9.993053e-01,6.946764e-04
1.187500e+00,9.999890e-01,9.993543e-01,6.457070e-04
1.203125e+00,9.997360e-01,9.993979e-01,6.021268e-04
1.218750e+00,9.998090e-01,9.994368e-01,5.631517e-04
1.234375e+00,9.994750e-01,9.994719e-01,5.281368e-04
1.250000e+00,9.998210e-01,9.995035e-01,4.965473e-04
1.265625e+00,9.997510e-01,9.995321e-01,4.679369e-04
1.281250e+00,9.999190e-01,9.995581e-01,4.419305e-04
1.296875e+00,9.998190e-01,9.995818e-01,4.182112e-04
1.312500e+00,9.997890e-01,9.996035e-01,3.965093e-04
1.328125e+00,9.999620e-01,9.996234e-01,3.765943e-04
1.343750e+00,1.000146e+00,9.996417e-01,3.582685e-04
1.359375e+00,9.998760e-01,9.996586e-01,3.413610e-04
1.375000e+00,9.997810e-01,9.996743e-01,3.257236e-04
1.390625e+00,9.999480e-01,9.996888e-01,3.112275e-04
1.406250e+00,9.998720e-01,9.997022e-01,2.977600e-04
1.421875e+00,1.000045e+00,9.997148e-01,2.852221e-04
1.437500e+00,9.995140e-01,9.997265e-01,2.735269e-04
1.453125e+00,9.997110e-01,9.997374e-01,2.625975e-04
1.468750e+00,9.997280e-01,9.997476e-01,2.523657e-04
1.484375e+00,1.000206e+00,9.997572e-01,2.427710e-04
1.500000e+00,9.999410e-01,9.997662e-01,2.337593e-04
1.515625e+00,9.997420e-01,9.997747e-01,2.252824e-04
1.531250e+00,9.998180e-01,9.997827e-01,2.172970e-04
1.546875e+00,9.998350e-01,9.997902e-01,2.097642e-04
1.562500e+00,9.999400e-01,9.997974e-01,2.026489e-04
1.578125e+00,9.996670e-01,9.998041e-01,1.959196e-04
1.593750e+00,1.000119e+00,9.998105e-01,1.895475e-04
1.609375e+00,1.000167e+00,9.998165e-01,1.835069e-04
1.625000e+00,1.000251e+00,9.998222e-01,1.777739e-04
1.640625e+00,9.997800e-01,9.998277e-01,1.723273e-04
1.656250e+00,1.000062e+00,9.998329e-01,1.671473e-04
1.671875e+00,1.000427e+00,9.998378e-01,1.622161e-04
1.687500e+00,1.000137e+00,9.998425e-01,1.575173e-04
1.703125e+00,1.000348e+00,9.998470e-01,1.530359e-04
1.718750e+00,9.998590e-01,9.998512e-01,1.487581e-04
1.734375e+00,1.000206e+00,9.998553e-01,1.446711e-04
1.750000e+00,1.000207e+00,9.998592e-01,1.407633e-04
1.765625e+00,9.999500e-01,9.998630e-01,1.370239e-04
1.781250e+00,1.000031e+00,9.998666e-01,1.334430e-04
1.796875e+00,1.000341e+00,9.998700e-01,1.300112e-04
1.812500e+00,1.000029e+00,9.998733e-01,1.267201e-04
1.828125e+00,1.000298e+00,9.998764e-01,1.235616e-04
1.843750e+00,9.998760e-01,9.998795e-01,1.205286e-04
1.859375e+00,9.999320e-01,9.998824e-01,1.176141e-04
1.875000e+00,1.000232e+00,9.998852e-01,1.148117e-04
1.890625e+00,9.997510e-01,9.998879e-01,1.121155e-04
1.906250e+00,9.996700e-01,9.998905e-01,1.095200e-04
1.921875e+00,1.000389e+00,9.998930e-01,1.070200e-04
1.937500e+00,1.000569e+00,9.998954e-01,1.046107e-04
